Age,Fare,Income,Score,City
40.0,7.33,29247.62,95.55,Karachi
33.6,4.42,21450.23,93.41,Lahore
41.5,40.47,45407.03,83.19,
50.2,49.03,92810.52,99.03,Karachi
32.7,1.28,,96.45,Karachi
32.7,110.09,39360.51,75.17,Lahore
50.8,2.13,32464.65,97.62,Peshawar
42.7,31.17,58100.99,93.71,Karachi
30.3,49.39,42160.44,70.0,Peshawar
40.4,81.91,21453.04,97.48,Peshawar
30.4,50.08,29046.76,98.7,Quetta
30.3,64.72,20801.53,90.06,Lahore
37.4,,77126.71,94.6,Peshawar
18.0,67.46,36861.32,,Lahore
,3.34,137424.98,75.57,Quetta
29.4,90.08,34805.73,97.79,Lahore
24.9,31.73,22117.3,86.96,Karachi
38.1,68.0,12586.75,89.44,Peshawar
25.9,24.08,10278.42,97.67,Lahore
20.9,41.27,11981.33,85.33,Islamabad
49.7,29.9,43782.46,95.2,Lahore
32.7,52.61,51849.86,89.96,Peshawar
35.7,3.41,12006.06,98.71,Quetta
20.8,2.49,67949.96,90.77,Quetta
29.6,11.35,25896.35,94.51,Peshawar
36.1,6.95,40245.57,74.08,Karachi
23.5,,112257.93,99.12,Karachi
38.8,9.9,68035.68,91.87,Quetta
29.0,148.96,,90.8,Quetta
32.1,16.43,19460.96,,Peshawar
29.0,8.04,8052.43,87.19,Karachi
53.5,62.37,21951.54,83.5,Quetta
34.9,43.0,31326.16,77.49,Karachi
24.4,27.58,,70.27,Quetta
43.2,32.42,33127.54,94.35,Lahore
22.8,50.8,38322.65,88.42,Islamabad
37.1,10.37,31026.62,72.5,Lahore
18.0,224.35,23040.26,31.72,Quetta
21.7,147.23,40866.19,66.96,Islamabad
37.0,42.03,49481.71,93.03,Islamabad
42.4,8.9,16927.94,96.74,Quetta
36.7,45.61,97504.39,89.92,Quetta
33.8,3.0,33893.83,79.7,Karachi
32.0,1.25,36797.85,89.82,Quetta
20.2,11.92,59620.22,,Peshawar
27.8,24.84,42755.42,72.68,Quetta
30.4,81.08,70770.37,93.27,Peshawar
45.6,51.96,44399.65,70.53,Quetta
38.4,54.3,23654.15,92.17,Karachi
18.0,22.17,46772.58,,Peshawar
38.2,16.98,16307.68,90.92,Lahore
31.1,18.55,39182.75,78.44,Peshawar
28.2,175.76,35480.52,97.98,Karachi
,1.64,31392.31,96.72,Peshawar
45.3,80.71,33190.66,54.62,Quetta
44.3,34.57,9727.44,97.11,Quetta
26.6,23.09,24732.97,87.42,Karachi
31.9,51.68,38754.08,87.01,Islamabad
38.3,26.67,40615.27,89.91,Quetta
44.8,82.68,17687.75,84.48,Lahore
30.2,92.39,88079.53,96.08,Karachi
33.1,21.91,19804.76,87.93,Peshawar
23.9,12.96,71583.51,93.02,Peshawar
23.0,35.89,48973.57,83.74,Lahore
43.1,97.38,23101.22,97.72,Quetta
48.6,9.46,125833.84,87.31,Karachi
34.3,39.02,15747.77,96.93,Lahore
45.0,39.94,69106.77,95.1,Quetta
38.6,52.84,73160.26,96.3,Karachi
28.5,5.64,22710.12,96.97,Peshawar
38.6,50.33,96252.07,73.79,Karachi
50.4,,30484.31,94.95,Islamabad
34.6,7.92,44448.46,60.72,Karachi
50.6,10.85,43574.41,47.44,Islamabad
18.0,142.17,33056.84,87.3,Karachi
43.2,7.99,64059.38,97.69,Islamabad
35.9,77.07,63287.44,92.96,Peshawar
32.0,27.11,10678.93,76.03,Quetta
35.9,11.36,90493.94,93.13,Islamabad
18.0,81.84,11341.86,98.63,Islamabad
32.8,23.57,74815.65,87.79,Peshawar
38.6,28.93,79912.98,72.02,Islamabad
49.8,17.8,16921.22,76.16,Lahore
29.8,35.95,27239.68,97.11,Peshawar
26.9,7.14,16747.54,83.24,Lahore
30.0,19.84,31243.15,96.26,Peshawar
44.2,139.49,,96.31,Islamabad
38.3,11.94,62677.79,68.92,Lahore
29.7,42.77,90872.81,95.69,Islamabad
40.1,15.73,96469.16,95.42,Peshawar
36.0,59.4,24501.32,99.99,Islamabad
44.7,5.61,31368.04,69.32,Lahore
28.0,140.02,11176.78,76.4,Lahore
31.7,24.19,20658.68,85.19,Islamabad
31.1,10.77,71353.11,79.19,Karachi
20.4,3.05,112522.44,97.53,Peshawar
38.0,7.44,15305.32,90.8,Peshawar
37.6,29.34,23987.19,93.51,Islamabad
35.1,16.44,35650.41,98.52,Karachi
32.7,70.62,44183.77,90.01,Lahore
20.8,22.55,20604.76,61.97,Quetta
30.8,11.44,48866.27,99.39,Quetta
31.6,38.4,26064.06,94.83,Islamabad
27.0,49.07,35949.97,96.51,Karachi
33.4,7.31,53231.15,95.92,Karachi
39.0,7.34,36479.13,64.14,Peshawar
53.9,1.49,26756.42,90.53,Lahore
36.7,53.33,33633.34,90.58,Karachi
37.6,43.6,34137.3,78.56,Quetta
34.3,25.75,28028.92,97.48,Lahore
18.0,74.36,30298.17,89.98,Lahore
34.7,65.53,111196.37,91.57,Islamabad
35.6,35.21,53779.28,86.37,Karachi
59.6,81.08,29530.05,20.0,Islamabad
33.1,9.22,59152.14,77.99,Karachi
38.0,4.75,28748.08,92.39,Peshawar
34.7,12.57,,73.64,Islamabad
23.3,2.35,47039.81,97.19,Islamabad
46.4,30.3,33687.71,99.54,Quetta
42.5,110.34,49682.19,96.57,Islamabad
42.9,1.61,,93.76,Karachi
25.9,5.21,16502.43,89.28,Quetta
49.0,24.07,15744.6,85.68,Islamabad
21.0,108.65,40137.25,63.78,Islamabad
40.9,15.2,122120.13,89.3,Peshawar
56.9,28.31,173149.4,89.56,Islamabad
25.1,1.7,56762.76,99.23,Lahore
29.3,6.42,51564.62,99.47,Quetta
36.0,172.59,10293.41,87.98,Lahore
30.0,134.23,24837.96,91.35,Quetta
19.5,0.2,20921.89,72.59,Peshawar
35.7,121.31,23515.3,97.37,Islamabad
24.4,40.77,32283.11,99.62,Islamabad
39.7,80.97,26095.98,91.06,Islamabad
25.8,24.26,9086.0,95.93,Quetta
50.5,28.99,61300.13,99.24,Islamabad
27.2,26.84,17138.45,80.66,Lahore
31.8,43.97,42936.3,98.23,Islamabad
43.1,6.02,155105.04,85.94,Peshawar
22.7,1.22,,95.05,Lahore
37.3,14.72,6178.3,97.14,Islamabad
48.1,48.79,29726.59,92.84,Islamabad
18.9,,78485.7,75.75,Karachi
36.8,44.76,143034.8,92.53,Quetta
37.6,140.15,15356.83,79.16,Lahore
42.8,3.94,51415.22,97.99,Karachi
22.6,44.66,26220.13,77.77,Peshawar
21.8,23.46,33719.65,95.94,Quetta
40.2,81.04,231200.45,83.03,Lahore
38.0,7.8,12681.77,87.49,
37.5,47.19,,60.29,Lahore
38.5,72.83,50381.8,,Islamabad
28.2,115.74,77656.49,98.97,Quetta
37.3,45.99,38893.73,99.71,Islamabad
37.9,27.5,45054.83,73.7,Peshawar
27.9,38.48,27607.59,88.84,Islamabad
53.7,81.27,43843.81,77.61,Peshawar
39.7,33.82,28560.09,95.99,Quetta
23.1,1.23,56111.74,93.65,Quetta
41.6,106.92,28036.79,99.54,Lahore
25.3,46.79,47286.03,51.15,Peshawar
42.9,45.14,35579.18,83.47,Peshawar
46.6,9.72,79876.36,59.41,Karachi
26.8,43.02,35032.25,95.37,Karachi
,20.03,10497.34,85.82,Karachi
39.1,42.13,87846.39,82.98,Islamabad
43.2,4.51,19263.89,94.27,Karachi
54.0,42.9,22979.63,71.73,Peshawar
32.5,297.67,23933.56,55.89,
27.5,1.98,95045.09,67.58,Quetta
26.1,151.19,8143.93,79.85,Lahore
26.8,20.9,326577.96,95.13,Karachi
34.2,81.84,76057.11,95.04,Quetta
38.4,61.0,42457.86,50.4,Peshawar
37.8,33.48,34946.52,99.84,Lahore
43.3,53.65,44350.88,81.12,Quetta
35.1,84.32,52301.78,81.62,Lahore
49.5,20.71,57048.15,85.38,Karachi
32.4,15.84,53579.57,30.76,Peshawar
62.2,44.06,38665.63,,Lahore
41.3,65.98,31630.06,93.77,Quetta
26.4,57.47,32666.61,98.77,Karachi
24.3,63.94,31683.91,91.23,Karachi
39.8,22.88,80309.17,95.46,Quetta
32.8,,55022.07,93.69,Quetta
42.1,5.12,4636.56,73.01,Lahore
39.7,31.45,57476.45,58.89,Islamabad
34.3,0.23,41619.14,96.92,Karachi
26.5,15.7,35843.01,93.01,Lahore
19.9,18.26,27668.15,60.4,Quetta
,20.18,79768.1,99.04,Lahore
43.6,47.56,70492.99,98.55,Quetta
37.1,19.68,21141.34,97.33,Peshawar
22.5,23.82,48287.91,86.43,Quetta
36.7,10.85,18395.11,97.55,Quetta
38.9,18.69,13825.46,48.33,Quetta
26.2,10.31,23418.88,91.12,Islamabad
36.5,3.04,66414.82,89.56,Quetta
35.6,37.0,70769.79,95.75,Karachi
23.6,44.13,52008.36,90.45,Karachi
38.6,38.65,60328.93,83.73,Lahore
40.6,24.91,52121.08,79.13,Islamabad
45.8,19.11,23178.09,78.97,Lahore
45.5,79.61,49135.93,87.06,Karachi
21.2,29.28,63594.78,64.79,Karachi
25.6,26.09,61574.55,74.49,Peshawar
40.2,1.04,83469.73,78.78,Quetta
40.1,16.7,59623.95,99.14,Karachi
40.2,19.13,46444.52,99.9,Lahore
73.5,20.35,76811.16,96.42,Lahore
40.7,34.72,35647.53,83.66,Quetta
46.4,30.51,,92.06,Quetta
44.5,37.45,32398.04,92.28,Peshawar
41.5,57.91,21559.42,67.61,Islamabad
31.8,,22637.77,66.11,Lahore
42.6,50.65,32821.43,64.02,Quetta
27.3,124.51,20854.1,94.35,Lahore
32.6,0.74,29273.18,82.38,Quetta
30.1,8.72,9647.65,95.25,Karachi
35.8,0.3,42163.31,96.83,Lahore
58.1,41.71,36346.16,96.94,Karachi
18.0,91.32,20497.08,93.72,Lahore
41.9,11.16,57611.18,91.57,Islamabad
18.9,104.71,70003.4,73.34,Peshawar
30.3,2.49,11786.48,98.08,
45.9,108.99,,80.08,Quetta
35.6,17.33,21196.69,88.63,Islamabad
24.2,4.28,18808.57,94.91,Lahore
27.8,26.61,64901.91,89.82,Karachi
41.8,11.87,31707.92,,Lahore
27.7,13.41,30177.13,86.4,Lahore
,14.69,8931.11,91.47,Lahore
35.5,64.99,56658.23,97.31,Peshawar
28.5,30.99,15252.81,98.14,Peshawar
56.4,14.92,37871.45,88.13,Quetta
41.3,37.7,44097.74,65.09,Karachi
18.0,50.37,94132.72,93.68,Islamabad
36.9,12.73,14527.89,80.19,Islamabad
28.4,21.35,4386.74,83.88,Islamabad
43.5,5.2,41303.18,59.77,Lahore
27.1,7.99,128073.27,74.2,Peshawar
33.9,45.72,86444.9,87.46,Karachi
40.0,8.01,,83.95,Lahore
43.7,29.79,25741.37,65.7,Peshawar
23.0,49.38,63894.32,92.35,Peshawar
31.7,4.52,18370.8,94.06,Karachi
30.3,33.51,50688.3,99.84,Karachi
28.5,11.86,,73.72,Karachi
52.7,131.79,76278.54,75.78,Lahore
,26.43,250637.27,98.35,
22.4,65.59,47795.71,87.1,Karachi
44.2,,,,Quetta
56.2,1.78,35671.17,98.1,Lahore
45.3,40.11,10526.45,40.89,Quetta
19.8,120.97,22330.32,96.37,Islamabad
30.2,36.81,27268.9,98.96,Quetta
47.7,68.41,25163.21,86.45,Karachi
27.9,86.24,40402.56,79.86,Lahore
39.4,10.35,20420.73,99.51,Karachi
42.7,9.53,79596.19,83.87,Islamabad
25.7,37.77,36320.77,88.6,Karachi
34.4,21.18,36079.85,98.37,Karachi
18.0,73.27,28867.56,97.16,Karachi
24.8,92.11,40482.84,87.41,Peshawar
32.5,17.44,64703.38,94.73,Islamabad
22.5,10.81,19791.52,58.21,Karachi
51.3,60.66,22909.76,74.38,Karachi
20.7,12.85,29360.1,38.37,Karachi
30.6,69.18,14155.95,95.49,Lahore
36.3,22.05,20465.98,47.54,Peshawar
49.4,44.05,26020.64,91.54,Lahore
20.6,4.02,66974.85,93.6,Peshawar
46.6,39.11,43642.77,99.23,Karachi
35.1,24.04,41585.75,99.19,Islamabad
25.2,35.33,65882.53,82.33,Quetta
39.6,7.36,32986.04,90.81,Quetta
37.0,53.4,47730.48,96.15,Karachi
29.0,79.45,33784.07,85.72,Lahore
35.7,9.77,43728.43,95.63,Islamabad
31.1,4.02,24150.71,87.07,Peshawar
36.1,0.96,6586.83,93.32,Karachi
,41.09,33057.53,73.98,Islamabad
50.9,37.37,98314.19,74.22,Islamabad
22.6,31.65,69449.2,90.27,Peshawar
56.3,10.56,71380.37,93.52,Islamabad
18.0,19.83,86274.69,93.25,Lahore
33.5,36.1,38640.66,75.42,Lahore
40.9,27.47,41694.35,94.03,Lahore
37.8,176.21,23567.97,96.48,Islamabad
28.8,5.87,29107.44,,Lahore
32.9,47.52,55884.36,90.57,Peshawar
30.1,20.72,84349.07,90.13,Islamabad
29.1,22.36,32938.18,72.43,Quetta
43.5,50.58,26499.14,96.25,Islamabad
38.6,47.16,36328.93,92.81,Peshawar
28.1,189.58,55317.51,75.21,Quetta
44.0,5.5,13217.56,73.97,Islamabad
38.1,4.4,7278.45,92.72,Lahore
43.1,51.54,24701.62,90.78,Karachi
41.3,34.55,15452.12,94.58,Karachi
26.7,12.82,25445.7,59.55,Lahore
29.4,3.31,32746.58,98.11,Karachi
42.5,3.58,26442.45,59.29,Karachi
41.1,89.84,100380.9,82.73,Lahore
34.8,8.52,45648.29,88.62,Lahore
,15.63,44816.52,99.5,Islamabad
47.8,10.28,56136.7,90.32,Islamabad
29.1,17.54,16363.64,92.14,Lahore
40.5,2.88,75160.29,97.36,Peshawar
33.0,29.28,34439.69,83.98,Karachi
32.8,2.8,58066.05,46.81,Islamabad
46.0,64.45,17149.08,87.61,Karachi
43.3,10.65,12238.83,81.18,Quetta
43.1,31.06,64377.71,98.94,Lahore
48.1,84.84,47263.17,91.89,Peshawar
35.2,42.09,19313.58,98.14,Quetta
41.8,30.45,19756.46,85.77,Quetta
31.9,15.68,79841.95,58.17,Quetta
38.2,16.2,15794.41,83.74,Lahore
33.7,44.28,114676.58,98.8,
36.0,205.58,19332.94,93.43,Lahore
41.0,43.37,56776.3,88.0,Islamabad
,32.64,28852.94,92.26,Quetta
55.9,52.47,55394.26,73.1,Quetta
24.9,25.03,24812.93,74.72,Peshawar
22.9,2.48,32404.25,85.81,Islamabad
46.6,33.05,37370.74,92.99,Quetta
42.9,126.45,18006.15,95.58,Karachi
41.2,7.71,60996.82,98.32,Peshawar
41.3,46.85,25355.49,93.42,Lahore
34.9,8.97,30945.41,92.0,Peshawar
26.0,30.7,18105.22,83.1,Karachi
35.8,4.07,6041.25,83.9,Islamabad
28.2,23.94,31770.09,98.91,Lahore
44.8,56.45,196581.19,92.46,Lahore
33.5,17.08,62895.07,96.99,Islamabad
26.7,43.73,35829.17,97.44,Peshawar
31.8,63.48,30211.45,73.66,Quetta
39.1,104.79,36891.12,99.36,Peshawar
29.4,10.7,53262.26,91.85,Karachi
26.8,20.39,15889.77,97.24,Quetta
37.4,6.61,79223.26,68.28,Peshawar
37.4,195.63,59920.08,87.79,Islamabad
29.9,104.69,60037.82,96.05,Karachi
30.3,31.06,49361.84,89.53,Karachi
37.3,73.81,36817.61,80.28,Karachi
,29.44,58162.89,52.41,Quetta
20.9,39.08,54955.0,96.26,Lahore
27.8,3.73,28344.02,67.4,Quetta
32.9,56.3,24306.01,59.16,Peshawar
38.1,5.47,38999.32,62.77,Lahore
49.8,,107399.85,84.87,Peshawar
43.6,60.94,15254.43,85.09,Lahore
33.4,49.34,13000.36,92.26,Quetta
34.8,1.47,40754.95,79.06,Karachi
25.0,14.45,37632.43,88.63,Islamabad
34.8,12.21,,83.03,Karachi
32.1,17.86,43077.98,91.61,Quetta
38.2,3.67,31062.56,80.28,Lahore
26.7,110.56,103043.28,73.9,Karachi
40.2,32.28,11841.52,,Quetta
50.3,14.58,20334.05,73.16,Peshawar
33.9,20.23,33783.29,88.34,Islamabad
39.0,23.71,11496.15,72.07,Karachi
41.9,36.71,32109.33,91.53,Lahore
31.0,29.0,116195.47,92.85,Peshawar
37.2,100.73,36850.36,63.01,Quetta
35.1,27.48,42680.21,95.66,Islamabad
36.0,193.93,15031.22,72.11,
27.3,76.27,23589.26,90.07,Quetta
35.2,9.35,27927.37,89.17,Quetta
40.0,106.71,29074.0,94.47,Karachi
49.5,4.95,89067.58,87.23,Karachi
44.6,68.03,53657.89,94.1,Lahore
56.5,19.16,16680.23,99.4,Quetta
27.3,84.14,43154.99,95.24,Karachi
43.7,81.02,51470.04,99.9,Islamabad
36.8,65.58,80668.57,42.51,Islamabad
56.9,62.43,109795.9,49.39,Quetta
26.9,14.54,17844.2,92.46,Karachi
26.6,3.38,20586.68,80.45,Lahore
29.0,20.63,15058.46,,Lahore
18.0,7.62,30828.23,83.32,Lahore
29.7,47.49,50334.74,75.45,Islamabad
27.4,16.99,72484.94,56.01,Karachi
,148.54,34435.19,92.33,Karachi
38.4,40.97,29030.63,77.06,Islamabad
53.8,69.15,40385.68,95.36,Lahore
44.5,5.69,20239.67,30.42,Lahore
29.2,79.22,156792.27,99.61,Quetta
26.0,102.43,,86.12,Peshawar
,26.7,41328.95,83.84,Karachi
21.8,37.28,149720.33,82.53,Karachi
53.3,57.89,36488.77,98.08,Karachi
46.8,7.69,31792.09,58.16,Peshawar
30.3,27.93,28276.55,97.0,Quetta
18.0,20.34,32007.51,85.38,Peshawar
48.5,6.33,94939.39,,Lahore
33.9,18.33,7720.98,94.49,Lahore
47.4,2.82,106234.44,88.14,Karachi
19.1,1.05,13402.95,91.9,Islamabad
29.0,5.81,30132.01,97.38,Karachi
,132.0,26890.52,97.19,Islamabad
35.5,31.9,54829.7,91.88,Peshawar
30.5,135.05,11864.58,78.76,Lahore
41.2,22.66,50187.48,65.76,Islamabad
24.3,14.95,149794.07,98.68,Peshawar
33.6,28.22,13985.53,92.51,Lahore
36.2,23.16,41472.85,98.42,Islamabad
40.1,4.47,22847.85,99.75,
42.1,40.96,48928.78,83.74,Karachi
23.8,9.74,36805.53,86.16,Karachi
19.7,38.66,23178.01,97.33,Peshawar
47.8,42.02,51098.51,96.01,Karachi
38.3,6.6,128417.72,99.64,Quetta
27.5,2.53,31772.85,72.98,Lahore
50.5,,60103.93,44.85,Peshawar
36.2,24.63,14686.87,97.82,Karachi
46.8,2.4,18592.15,96.05,Lahore
35.7,210.88,50548.29,69.58,Islamabad
55.6,2.38,102629.55,60.85,Karachi
52.6,47.5,46580.13,91.84,Lahore
32.5,164.61,29168.93,99.22,Quetta
44.7,10.93,,99.4,Islamabad
41.5,6.14,15134.23,87.2,Quetta
48.7,5.18,55445.77,92.51,
25.4,14.45,67348.31,99.56,Quetta
41.9,4.26,26463.9,86.87,Lahore
45.6,47.13,,99.83,Lahore
18.0,,43744.22,76.78,Quetta
23.2,28.49,26750.17,94.51,Lahore
18.0,228.52,34672.67,99.38,Karachi
32.3,67.27,157913.9,86.69,Lahore
42.2,,30548.84,92.4,Peshawar
50.0,14.63,,45.37,Lahore
,39.12,23079.98,88.21,Peshawar
51.3,29.95,61140.78,95.17,Lahore
21.2,22.21,31988.86,81.46,Lahore
18.0,5.6,23050.41,95.25,Quetta
34.4,87.07,91574.93,64.81,Karachi
38.8,23.9,98097.98,92.96,Karachi
34.7,8.66,23853.91,88.03,Islamabad
18.0,18.34,9832.24,99.22,Quetta
34.1,21.39,73516.09,91.67,Quetta
22.0,70.3,22488.49,73.21,Karachi
41.7,52.91,63160.72,75.43,Quetta
38.7,58.67,9144.68,96.19,Karachi
25.6,0.44,67833.95,96.16,Quetta
29.9,21.52,15555.66,74.5,Lahore
24.4,26.26,60568.78,60.03,Karachi
34.4,0.78,36680.15,98.5,Karachi
44.6,12.03,18624.67,91.03,
25.1,57.13,27311.81,93.83,Quetta
40.0,5.9,58713.38,69.32,Quetta
29.7,30.66,39109.71,98.69,Karachi
27.1,9.69,54671.02,96.44,Lahore
33.9,0.49,144857.88,79.06,Lahore
24.6,,12149.35,99.21,Lahore
29.5,148.98,112650.89,89.83,Quetta
,64.69,39067.62,91.25,Peshawar
54.6,128.33,19357.81,93.89,Karachi
35.4,26.77,14310.95,92.47,Islamabad
28.0,4.65,31812.54,88.68,Peshawar
37.1,31.76,69227.61,97.36,Islamabad
33.9,24.23,33213.63,87.27,Peshawar
32.8,74.41,104590.55,75.45,Lahore
41.1,4.13,13150.0,78.58,Quetta
42.6,,36009.49,97.49,Islamabad
29.7,6.5,15113.21,97.58,Peshawar
29.2,15.7,46842.32,95.32,Quetta
32.2,53.48,,93.28,Islamabad
18.0,25.85,27050.66,92.12,Karachi
19.8,18.86,5866.72,82.92,Peshawar
48.7,20.07,41742.03,99.12,Karachi
51.4,24.61,49301.86,99.47,Lahore
32.5,61.49,48194.8,92.54,Karachi
40.8,89.06,86253.64,82.08,Karachi
38.1,124.34,17158.73,96.78,Peshawar
65.8,61.84,58463.11,84.61,Lahore
46.2,15.16,83680.0,95.49,Karachi
33.7,46.61,10456.6,67.42,Quetta
25.4,,45422.2,66.09,Islamabad
18.9,11.76,25516.34,94.71,Karachi
37.0,73.52,34301.15,96.08,Lahore
27.4,1.57,46322.06,92.05,Karachi
20.8,92.81,25820.91,95.87,Islamabad
28.5,24.76,22629.38,83.26,Lahore
24.2,40.56,37194.15,73.76,Peshawar
51.9,43.08,16965.34,83.23,Lahore
43.8,90.2,16982.22,73.91,Peshawar
34.9,40.5,58428.63,92.41,Lahore
49.8,38.07,16249.93,97.45,Islamabad
35.8,2.76,57896.88,79.91,Islamabad
26.4,29.23,50202.19,93.29,Lahore
50.2,6.51,10850.16,83.31,Karachi
40.4,53.49,22599.99,95.27,Islamabad
24.6,28.72,83773.88,98.73,Peshawar
33.1,45.61,18273.08,26.44,Peshawar
26.2,1.7,26236.77,97.45,Quetta
21.2,3.54,50183.55,33.12,Peshawar
44.3,50.4,62841.65,43.23,Quetta
54.1,2.99,30452.48,76.32,Lahore
21.0,,23902.61,83.84,Lahore
40.6,0.49,98288.17,87.07,Lahore
28.5,125.4,122667.14,69.84,Karachi
30.1,53.5,72056.13,94.87,Karachi
29.1,17.43,,90.54,Quetta
26.4,14.07,20624.07,85.51,Peshawar
35.5,17.21,20306.35,92.06,Peshawar
26.7,59.6,52352.76,91.63,Lahore
37.7,43.31,48672.95,93.99,Islamabad
34.5,8.19,96869.41,87.54,Karachi
32.6,7.65,57257.57,71.49,Karachi
25.9,,12680.79,96.62,Lahore
29.2,43.19,75838.65,,Karachi
42.6,57.82,18058.24,82.48,Lahore
40.0,12.32,27756.36,74.0,Quetta
25.2,0.85,43266.77,87.81,Peshawar
36.0,3.43,146820.68,77.32,Islamabad
42.5,137.51,320277.47,99.76,Peshawar
18.3,14.01,55531.52,74.41,Peshawar
40.4,58.65,31944.73,99.39,Quetta
28.4,39.2,52794.06,66.9,Karachi
40.7,19.25,67599.7,27.64,Islamabad
27.4,9.21,29013.97,94.78,Karachi
18.0,,127599.02,96.46,Peshawar
18.7,38.18,42661.39,78.25,Lahore
35.5,59.6,51452.8,95.62,Peshawar
37.6,41.3,57881.15,69.9,Karachi
26.0,30.23,48781.71,98.37,Peshawar
41.4,1.71,65333.38,97.98,Lahore
18.4,138.3,23574.54,41.94,Quetta
34.3,64.12,24567.72,83.19,Karachi
22.9,13.86,16812.74,71.85,Peshawar
28.5,156.42,49397.29,94.12,Karachi
35.5,36.84,62646.03,83.07,Quetta
26.4,34.93,50033.15,,Peshawar
31.2,55.14,117259.5,86.14,Peshawar
45.1,66.8,36173.53,82.79,Karachi
29.2,42.74,57995.41,87.15,Karachi
43.4,5.48,16912.52,91.59,Lahore
23.7,16.52,27695.64,95.16,Quetta
40.3,105.29,59093.51,78.05,Lahore
49.4,10.18,65799.76,96.15,Peshawar
18.0,,29561.35,82.32,Karachi
,22.63,34540.25,96.01,Peshawar
40.8,23.15,12550.16,85.27,Peshawar
33.0,37.97,28284.79,79.38,Islamabad
38.7,114.64,67728.9,96.3,Islamabad
29.0,11.01,54319.77,99.07,Peshawar
35.9,5.18,51558.17,97.89,Karachi
33.4,8.8,37603.09,86.03,
46.7,87.19,36495.5,71.6,Islamabad
37.5,41.52,22874.44,99.31,Karachi
38.4,13.47,59229.79,80.13,Peshawar
30.9,67.7,48760.75,93.74,Quetta
30.1,79.04,51247.04,90.23,Quetta
30.7,74.97,25128.94,60.35,Peshawar
38.9,100.5,8043.82,93.95,Karachi
30.8,11.63,78276.83,90.61,Peshawar
37.9,56.27,25973.03,99.79,Peshawar
55.8,24.69,19851.94,98.72,Islamabad
43.7,,59008.41,95.51,Quetta
31.7,,27600.55,99.58,Islamabad
47.0,59.92,76263.94,85.03,Islamabad
30.9,42.7,55932.68,91.66,Peshawar
18.0,7.81,58600.5,88.08,Islamabad
24.9,31.5,13958.32,97.12,Quetta
18.0,167.12,84826.29,94.74,Islamabad
31.5,110.83,43602.74,83.65,Quetta
35.2,1.77,28043.33,49.58,Islamabad
51.8,7.2,40149.77,99.22,Quetta
38.3,5.65,10473.83,66.84,Islamabad
32.8,51.78,48342.05,87.1,Islamabad
43.3,68.1,17666.76,87.55,Karachi
18.0,9.61,14088.73,89.59,Quetta
37.4,28.2,12510.81,98.92,Quetta
42.7,73.48,79132.73,98.59,Quetta
20.2,52.79,23377.18,86.22,Lahore
46.4,31.26,106256.3,93.75,Islamabad
38.4,35.7,24957.73,62.62,Quetta
30.8,28.4,10991.19,92.17,Lahore
41.3,14.13,16621.18,97.68,Karachi
57.7,33.3,86255.42,81.19,Quetta
36.8,46.7,32561.02,94.79,Quetta
37.5,82.64,24740.55,88.82,Lahore
30.4,,40619.88,82.05,Islamabad
26.5,57.27,51598.5,65.42,Karachi
43.3,6.98,79394.09,76.43,Quetta
26.4,24.76,100102.45,83.08,Islamabad
35.7,0.38,28230.6,82.93,Karachi
30.2,11.33,14353.75,56.24,Peshawar
39.8,51.85,27189.18,94.74,Peshawar
38.3,192.19,43573.15,99.98,Karachi
45.4,4.18,18497.09,95.24,Lahore
29.9,20.53,18582.85,96.31,Karachi
32.3,64.39,46196.14,83.74,Karachi
25.2,9.13,35099.54,84.93,Lahore
30.6,32.39,37158.87,86.5,Lahore
38.8,52.83,,99.75,Islamabad
42.6,38.28,30906.43,80.43,Islamabad
25.8,8.33,19016.02,94.14,Lahore
43.7,17.56,67720.14,83.59,Peshawar
48.6,61.26,74957.35,87.8,Peshawar
39.1,32.32,9973.32,93.71,Karachi
,0.21,18945.89,97.83,Quetta
27.3,57.25,12739.08,98.51,Karachi
22.6,1.44,,73.29,Karachi
18.0,54.77,34255.19,62.41,Quetta
50.0,9.05,13164.1,84.26,Lahore
41.5,126.87,19047.63,98.36,Peshawar
34.4,18.35,17983.86,92.29,Karachi
37.8,15.84,41985.82,80.42,Quetta
23.7,6.45,38121.78,77.3,Islamabad
59.5,14.59,21911.87,98.11,Karachi
36.3,83.71,41100.46,100.0,Peshawar
36.1,224.35,24768.4,81.32,Lahore
42.3,18.37,30026.67,93.39,Karachi
39.8,23.81,117174.14,95.59,Karachi
37.2,51.22,92811.21,99.81,Quetta
27.1,,14622.16,88.34,Islamabad
39.7,35.96,64913.62,71.43,Islamabad
53.8,19.87,64085.77,52.58,Lahore
,21.28,16255.97,87.49,Peshawar
50.9,47.58,64417.74,89.16,Lahore
29.9,0.13,,98.67,Karachi
25.1,38.66,16551.28,88.06,Karachi
,17.57,19105.82,92.83,Islamabad
35.6,63.23,74040.17,85.99,Peshawar
45.9,3.9,43916.56,92.62,Quetta
18.1,35.49,53424.96,95.88,Peshawar
50.3,26.23,46092.82,98.5,Karachi
33.4,41.13,47738.2,94.33,Quetta
30.7,2.68,14349.49,98.48,Peshawar
24.9,34.7,75593.26,97.08,Peshawar
18.5,32.97,82348.29,34.46,Quetta
43.2,32.9,30928.29,91.19,Karachi
35.7,,35226.93,88.61,Peshawar
22.1,45.14,12434.43,68.97,Quetta
22.0,65.39,52050.95,20.0,Karachi
31.6,12.58,,86.89,Quetta
51.7,69.73,34768.47,74.89,Quetta
32.4,27.59,79781.53,94.06,Peshawar
20.0,3.21,28742.9,94.53,Karachi
32.5,2.41,53918.24,92.27,Peshawar
32.3,16.27,17787.21,83.26,Lahore
18.0,61.47,35721.7,82.81,Lahore
34.5,49.2,32143.07,94.32,Karachi
32.7,62.16,42519.39,97.86,Quetta
42.0,29.13,28038.42,84.99,Peshawar
53.5,23.21,33122.54,97.94,Peshawar
46.3,6.38,64746.38,87.04,Karachi
32.3,15.91,26749.34,82.27,Karachi
23.9,22.77,11794.59,81.91,Lahore
60.7,3.71,123588.0,79.0,Islamabad
35.6,9.97,95513.02,,Karachi
35.1,36.47,14697.26,89.6,Islamabad
34.8,53.22,58852.85,80.35,Karachi
37.0,,25537.87,85.52,Quetta
33.6,108.19,43671.07,96.9,Quetta
29.3,41.15,44620.87,99.61,Lahore
29.5,21.88,30819.86,94.98,Lahore
34.7,40.44,20980.82,91.22,Islamabad
29.6,61.61,,85.6,Karachi
27.9,5.04,19123.36,71.55,Peshawar
36.1,21.1,20286.77,,Lahore
32.5,73.25,34647.3,97.99,Peshawar
50.0,19.37,22003.75,50.35,Peshawar
18.0,,58538.3,98.28,
45.9,35.45,102854.67,90.23,Islamabad
47.5,8.16,24196.49,86.79,Karachi
18.0,17.99,42941.03,88.31,Lahore
31.6,16.29,51522.79,98.65,Peshawar
31.3,1.06,50534.0,99.12,
20.9,0.98,38298.6,98.33,Karachi
27.2,71.28,61076.21,86.79,Karachi
23.9,12.76,50897.76,88.21,Lahore
52.5,29.2,15269.86,96.01,Islamabad
44.4,14.19,66729.96,84.77,Karachi
47.7,112.99,67582.45,74.27,Lahore
42.2,12.01,21283.76,99.36,Peshawar
23.7,22.46,37292.83,89.66,Quetta
29.8,82.46,58590.64,82.47,Lahore
39.9,73.79,31366.02,95.64,Quetta
22.8,8.24,76963.35,94.48,Karachi
42.1,,189986.97,85.74,Karachi
32.6,24.51,20948.24,65.77,Lahore
31.3,26.39,13811.66,75.09,Quetta
42.1,5.73,44921.55,86.88,Karachi
39.4,3.36,60179.9,80.35,Peshawar
31.4,52.07,30896.36,93.19,Islamabad
46.6,27.44,100436.65,84.63,Islamabad
24.2,22.97,14228.13,90.58,Karachi
41.2,52.3,58985.27,96.84,Quetta
40.9,58.01,23763.29,81.85,Karachi
31.9,6.92,121002.26,87.81,Quetta
38.3,37.69,146497.08,93.34,Peshawar
22.5,5.82,21233.61,63.66,Quetta
44.2,55.67,24718.57,99.68,Karachi
33.2,42.8,66284.51,94.31,Peshawar
29.8,125.51,27695.04,99.12,Lahore
45.5,2.86,35179.27,78.18,Islamabad
28.0,2.35,36966.67,81.83,Karachi
20.9,13.26,9473.26,93.96,Karachi
19.4,12.14,35965.43,83.11,
41.1,11.35,22408.39,92.44,Peshawar
,94.69,25714.6,78.83,Lahore
52.5,11.48,99761.98,90.92,Quetta
18.0,12.7,15069.76,92.03,Lahore
52.0,56.98,64166.95,59.06,Peshawar
37.1,23.89,29873.47,95.67,Karachi
34.0,59.97,29856.8,98.07,Islamabad
29.6,2.7,63149.51,86.82,Karachi
39.0,26.74,46075.47,47.74,Quetta
34.6,1.37,54145.44,92.88,Islamabad
46.0,2.59,71519.77,99.04,Karachi
36.1,94.77,28798.66,93.78,Islamabad
36.5,6.0,23657.47,89.42,Lahore
31.4,30.41,16990.24,97.35,Peshawar
,21.18,20378.03,83.9,Karachi
38.1,17.07,286177.09,20.0,Quetta
18.0,92.04,86792.52,90.98,Lahore
21.5,0.88,,,Karachi
42.4,43.6,14389.87,92.32,Lahore
36.7,132.3,50884.12,98.17,Quetta
33.2,32.85,53267.7,67.78,Karachi
,110.47,53328.1,91.96,Quetta
38.5,2.15,30379.73,92.65,Islamabad
29.6,21.71,33262.37,83.83,Quetta
27.2,,45684.56,91.25,Islamabad
37.0,52.5,38565.95,84.33,Karachi
25.2,159.16,7680.88,99.05,Islamabad
39.1,11.86,30919.44,74.79,Karachi
18.0,42.47,20010.56,57.67,Karachi
45.3,8.83,41054.18,84.31,Peshawar
39.7,33.33,293514.2,53.63,Karachi
37.6,24.94,46968.72,97.54,
44.8,143.03,29159.3,90.27,Peshawar
51.7,37.51,69234.95,86.19,Peshawar
,17.2,50913.4,86.93,Karachi
18.0,4.85,48730.78,92.3,Quetta
22.2,6.56,55536.48,93.81,Quetta
28.8,10.21,153212.4,97.97,Peshawar
35.3,11.56,16454.89,92.54,Karachi
40.2,76.05,50591.68,97.34,Quetta
27.7,32.95,18987.44,80.12,Karachi
36.9,29.64,53576.13,96.49,Karachi
27.4,4.88,19089.99,99.09,Peshawar
28.9,78.68,27115.02,87.94,Peshawar
20.9,51.32,29538.12,86.43,Lahore
25.8,2.8,,69.17,Quetta
21.5,49.22,69072.93,87.09,Quetta
25.2,31.37,15184.0,93.64,Quetta
45.5,3.41,37739.17,75.63,Islamabad
25.5,24.52,22099.14,88.34,
61.3,,15048.7,98.76,Peshawar
39.9,7.25,31197.34,87.48,Quetta
36.8,116.53,29262.5,64.21,Lahore
26.4,75.88,198531.2,92.43,Quetta
42.0,44.23,49171.62,94.73,Karachi
29.2,24.82,13844.84,97.68,Karachi
36.2,,24456.67,97.54,Peshawar
60.6,42.1,74233.31,91.5,Islamabad
34.0,31.54,156672.03,86.42,Peshawar
46.5,2.57,11965.85,98.74,Quetta
28.0,28.74,9740.55,57.91,Lahore
34.7,65.68,,78.89,Peshawar
52.7,24.59,47702.06,,Islamabad
28.7,2.13,19775.42,,Peshawar
53.1,61.72,52798.62,98.75,Karachi
42.1,8.99,5738.63,90.28,Quetta
29.4,11.97,36401.41,85.08,Quetta
41.3,7.2,45682.69,73.54,Quetta
44.7,16.03,69354.69,77.05,Quetta
41.2,56.55,17859.18,95.13,Quetta
19.3,29.31,38560.4,57.58,Quetta
27.7,9.17,19000.16,98.01,Lahore
32.5,84.09,43424.05,68.79,Islamabad
34.3,84.67,19404.45,46.92,Quetta
41.2,81.79,27291.47,97.08,Islamabad
36.8,10.91,18086.65,,Quetta
,24.0,57285.07,99.38,Peshawar
38.8,167.96,66231.79,92.2,Quetta
41.1,59.14,30815.27,89.11,Karachi
40.6,1.1,37300.67,86.96,Lahore
45.8,2.7,,58.78,Peshawar
43.3,24.94,29443.44,83.27,Peshawar
39.6,95.97,35061.42,90.15,Karachi
34.3,30.95,227420.31,75.11,Quetta
18.4,,16674.29,54.9,Lahore
39.3,4.46,101207.09,99.67,Peshawar
37.1,42.78,72969.81,,Lahore
37.7,69.06,44198.47,98.65,Peshawar
22.2,19.15,124372.25,74.74,Quetta
24.2,59.78,47120.99,95.07,Peshawar
45.5,133.5,47686.87,97.87,Peshawar
34.6,9.11,34989.93,91.31,Islamabad
41.8,29.64,85519.37,84.51,Quetta
35.3,13.54,78239.39,92.81,Karachi
35.3,62.97,23435.94,99.16,Karachi
44.4,34.47,14422.24,86.28,Quetta
29.8,40.27,31505.38,65.1,Karachi
36.0,63.96,20743.18,92.75,Quetta
30.4,20.17,34736.03,96.34,Karachi
30.7,98.65,86353.68,91.23,Islamabad
31.9,30.46,26367.54,99.26,Karachi
37.2,6.88,35243.05,74.24,Peshawar
30.2,47.62,37820.85,73.74,Quetta
47.6,63.05,65768.85,86.7,Lahore
26.1,,7533.97,93.47,Lahore
33.1,77.85,23749.33,75.87,Quetta
30.6,94.64,42104.02,87.87,Islamabad
49.5,12.97,84124.68,73.78,Karachi
37.0,164.23,25736.57,85.03,Islamabad
45.3,6.07,9763.57,76.98,Lahore
20.1,9.03,56038.71,86.31,Quetta
37.7,8.14,23277.59,91.98,Quetta
43.9,89.77,15791.6,52.47,Islamabad
35.8,42.49,23457.8,88.32,Islamabad
45.7,6.6,31915.03,86.06,Karachi
29.8,,23781.87,96.26,Peshawar
49.1,38.21,7755.08,85.26,Peshawar
58.0,3.49,68046.48,87.28,Karachi
31.4,85.62,88646.56,96.93,Peshawar
30.5,65.1,57300.54,99.08,Lahore
49.5,28.14,16376.78,86.09,Peshawar
50.8,136.6,31538.24,78.36,Karachi
29.8,21.63,36150.1,88.88,Peshawar
30.8,165.68,55224.17,96.14,Quetta
32.2,44.1,57979.13,83.53,Islamabad
21.6,40.28,21721.95,98.75,Lahore
25.8,7.26,38460.88,91.25,Quetta
25.0,85.46,50015.9,97.32,Quetta
27.3,22.31,100616.91,96.94,Karachi
34.7,7.08,59465.68,96.61,Islamabad
37.3,,63091.4,92.67,Islamabad
50.5,32.82,38510.21,99.21,Lahore
25.0,29.98,97472.09,92.39,Karachi
44.8,50.83,48379.62,89.25,
32.9,88.38,19875.41,90.1,
34.5,3.31,96989.59,92.76,Quetta
,52.6,59191.44,72.59,Lahore
23.8,8.3,26632.01,97.64,Quetta
,78.13,25961.11,89.43,Karachi
36.7,68.38,,99.04,Peshawar
39.9,31.13,50223.05,98.89,Karachi
37.9,49.55,41693.67,87.2,Peshawar
59.6,15.1,,87.48,Peshawar
28.6,25.48,119368.44,68.44,Quetta
29.7,68.96,76886.09,87.76,Karachi
,24.59,41499.84,51.8,Karachi
29.4,17.71,70186.93,99.25,Lahore
28.6,27.27,17627.81,98.45,Karachi
46.9,70.47,47980.45,,Lahore
49.2,,128864.2,96.93,Islamabad
29.3,,31174.88,88.31,Islamabad
26.7,49.79,20063.47,84.44,Islamabad
39.7,69.94,23006.63,99.3,Karachi
29.5,4.24,16937.02,56.23,Karachi
41.3,10.97,20966.2,72.31,Lahore
37.0,6.12,28019.17,94.72,Peshawar
19.8,17.1,13576.6,98.8,Lahore
50.5,23.94,36714.71,97.21,Islamabad
53.0,55.26,68295.15,97.96,Lahore
28.9,42.12,19236.61,98.03,Peshawar
31.1,38.8,105187.39,89.04,Karachi
37.9,17.38,51924.94,95.77,Lahore
38.3,73.67,74712.78,93.35,Islamabad
41.6,25.49,,,Islamabad
55.1,154.73,66050.02,82.7,Karachi
33.2,40.22,16909.76,55.37,Lahore
27.0,5.4,67722.47,,Peshawar
21.2,45.1,40957.39,92.78,Karachi
27.7,15.73,53491.38,87.86,Lahore
34.7,46.38,,98.8,Quetta
52.9,2.89,19408.2,99.94,Islamabad
29.8,7.69,55163.66,83.35,Peshawar
37.2,77.44,18697.71,84.6,Peshawar
34.8,10.31,50223.81,92.07,Peshawar
46.9,72.57,13946.77,89.91,Islamabad
60.3,13.1,65757.04,91.95,Lahore
29.7,41.19,15324.89,99.64,Karachi
30.1,47.39,53455.78,93.87,Lahore
45.4,28.75,56271.4,97.08,Karachi
41.8,14.57,22298.17,98.45,Peshawar
53.5,9.56,54579.77,52.9,Lahore
40.8,1.35,43578.08,86.28,Peshawar
31.4,14.49,24904.67,80.43,Quetta
40.9,42.36,17926.08,94.32,Peshawar
46.1,111.42,9192.67,92.51,Peshawar
43.2,81.98,46386.1,95.94,Karachi
40.1,58.11,12144.58,98.47,Quetta
45.7,62.13,38821.94,97.04,Peshawar
46.7,43.74,30199.67,76.04,Peshawar
48.8,12.06,58419.2,83.02,Quetta
41.5,95.09,29394.66,88.12,Quetta
33.3,44.44,28836.19,90.33,Lahore
36.5,32.88,60615.72,61.65,Karachi
47.1,4.71,45914.7,98.87,Quetta
26.8,23.7,45311.18,95.06,Quetta
38.7,24.67,50437.35,93.54,Islamabad
31.1,,12395.63,77.12,Quetta
35.3,31.64,,26.58,Karachi
47.8,19.15,55755.32,95.87,Peshawar
36.9,150.54,17824.37,68.89,Peshawar
35.5,4.69,30611.89,73.37,Peshawar
21.4,21.97,35329.9,96.18,Peshawar
42.5,1.72,33052.49,92.35,Islamabad
41.5,53.87,45876.21,92.09,Quetta
56.6,100.08,98909.12,42.6,Peshawar
31.9,13.14,77438.3,97.01,Lahore
37.2,78.17,14493.37,75.92,Peshawar
37.5,13.82,56131.31,93.9,Quetta
50.8,96.66,92065.29,80.31,Peshawar
34.0,56.09,47608.47,91.83,Islamabad
37.8,65.37,77939.35,87.05,Karachi
41.1,0.73,148536.99,73.19,Karachi
36.9,131.67,74354.29,75.54,Quetta
30.5,,43239.77,69.8,Karachi
36.9,14.54,75475.39,99.08,Karachi
45.7,70.74,40191.93,82.33,Lahore
24.7,13.22,36928.25,97.74,Quetta
36.3,82.47,28396.18,91.94,Quetta
28.0,4.78,108487.4,88.07,Karachi
47.0,48.65,20477.87,92.27,Karachi
19.8,31.12,106155.2,89.0,Karachi
29.4,4.06,51529.25,20.0,Islamabad
38.8,11.08,13636.23,97.82,Peshawar
50.7,0.5,46974.23,83.12,Islamabad
34.3,25.3,8349.7,92.44,Quetta
29.4,,56266.56,97.86,Lahore
53.8,36.49,67485.1,97.41,Peshawar
20.5,14.11,23989.0,55.28,Lahore
18.0,14.26,39596.0,68.25,Quetta
39.4,54.38,142615.89,64.37,Quetta
30.0,1.97,25488.36,28.43,Lahore
24.8,93.28,17305.24,96.5,
42.1,76.49,102453.51,93.41,Lahore
37.4,44.08,143459.93,83.41,Quetta
29.4,35.98,36409.57,90.08,Karachi
22.2,89.14,73719.61,91.87,Lahore
43.7,8.2,92877.17,93.36,Peshawar
41.5,3.29,21595.95,86.49,Quetta
34.0,10.95,25855.69,87.14,Islamabad
53.5,63.31,85957.83,97.36,Islamabad
24.3,1.41,118126.34,90.43,Peshawar
19.7,34.97,53853.17,87.91,Karachi
28.1,215.6,19616.57,87.33,Lahore
34.5,77.43,145938.82,96.46,Quetta
37.4,29.48,25042.27,79.66,Lahore
32.6,2.63,28721.57,99.62,Quetta
38.5,71.2,46149.27,93.43,Islamabad
22.5,36.55,107787.0,77.27,Lahore
49.4,4.88,66024.63,87.55,Peshawar
34.2,3.94,48552.74,95.46,Karachi
46.2,96.15,50226.7,82.19,Peshawar
38.4,44.25,37438.7,87.43,Karachi
39.6,70.71,53674.73,76.14,Lahore
40.7,84.47,6181.45,80.08,Lahore
39.5,33.92,29506.76,85.87,Karachi
41.4,29.15,42998.71,89.95,Islamabad
48.3,22.51,16224.7,97.86,Quetta
37.0,15.25,47592.3,95.46,Peshawar
42.1,22.81,31472.52,91.85,Peshawar
34.1,59.47,124098.76,86.28,Peshawar
,36.84,109219.38,89.19,Lahore
28.2,89.22,26211.04,94.9,Peshawar
53.0,23.43,32676.57,99.9,Quetta
34.6,37.37,34483.52,89.72,Quetta
20.7,39.91,26471.88,94.95,Karachi
,35.83,41627.55,,Lahore
28.2,48.51,21358.45,99.64,Quetta
43.4,10.84,16458.04,86.81,Islamabad
28.5,28.73,56156.51,57.43,Lahore
30.5,4.4,56425.18,97.13,Lahore
18.0,19.41,20681.17,90.43,Quetta
30.5,26.75,67965.04,98.56,Islamabad
18.0,42.25,23339.34,85.26,Karachi
19.2,120.26,43356.66,88.0,Quetta
42.6,36.72,64488.41,92.15,Islamabad
42.9,54.44,35471.02,88.95,Lahore
39.3,28.23,49927.07,65.97,Islamabad
25.3,40.22,25298.47,96.72,Lahore
34.5,2.94,31649.37,99.66,Quetta
35.0,11.74,31441.95,70.33,Quetta
23.4,,21534.15,87.09,
50.0,25.58,32088.66,66.8,Peshawar
43.8,1.87,12282.95,86.37,Peshawar
32.8,,25750.06,75.08,Quetta
35.3,12.96,29750.08,91.58,Karachi
37.1,142.36,30353.71,79.21,Quetta
18.0,16.1,30667.29,63.37,Islamabad
32.5,26.31,34778.86,87.27,Quetta
28.2,8.73,50797.84,97.01,Quetta
25.0,37.74,66980.84,95.3,Lahore
32.2,13.18,23044.08,96.68,Lahore
,9.28,15642.7,95.75,Lahore
41.4,29.07,17510.73,94.51,Quetta
29.3,0.22,25821.38,87.85,Karachi
40.7,0.31,,86.7,Islamabad
